sku,image,thumbnail,small_image
BTMNODC2,/BTMNODC2.jpg,/BTMNODC2.jpg,/BTMNODC2.jpg
ST4753,/ST4753.jpg,/ST4753.jpg,/ST4753.jpg
ST4755,/ST4755.jpg,/ST4755.jpg,/ST4755.jpg
BTB6,/BTB6.jpg,/BTB6.jpg,/BTB6.jpg
DCRODC1,/DCRODC1.jpg,/DCRODC1.jpg,/DCRODC1.jpg
DFAODC1,/DFAODC1.jpg,/DFAODC1.jpg,/DFAODC1.jpg
DODC1,/DODC1.jpg,/DODC1.jpg,/DODC1.jpg
DCLODC2,/DCLODC2.jpg,/DCLODC2.jpg,/DCLODC2.jpg
DCLODC1,/DCLODC1.jpg,/DCLODC1.jpg,/DCLODC1.jpg
DTSBTB1,/DTSBTB1.jpg,/DTSBTB1.jpg,/DTSBTB1.jpg
DWBTB1,/DWBTB1.jpg,/DWBTB1.jpg,/DWBTB1.jpg
DORAODC1,/DORAODC1.jpg,/DORAODC1.jpg,/DORAODC1.jpg
LPBTB1,/LPBTB1.jpg,/LPBTB1.jpg,/LPBTB1.jpg
MSHODC1,/MSHODC1.jpg,/MSHODC1.jpg,/MSHODC1.jpg
MLPODC2,/MLPODC2.jpg,/MLPODC2.jpg,/MLPODC2.jpg
BTB3,/BTB3.jpg,/BTB3.jpg,/BTB3.jpg
MSMBTB1,/MSMBTB1.jpg,/MSMBTB1.jpg,/MSMBTB1.jpg
SPNGODC1,/SPNGODC1.jpg,/SPNGODC1.jpg,/SPNGODC1.jpg
THOMBTB1,/THOMBTB1.jpg,/THOMBTB1.jpg,/THOMBTB1.jpg
BTB2,/BTB2.jpg,/BTB2.jpg,/BTB2.jpg
ST4756,/ST4756.jpg,/ST4756.jpg,/ST4756.jpg
ST4754,/ST4754.jpg,/ST4754.jpg,/ST4754.jpg
BTB1,/BTB1.jpg,/BTB1.jpg,/BTB1.jpg
ST4710,/ST4710.jpg,/ST4710.jpg,/ST4710.jpg
ST4703,/ST4703.jpg,/ST4703.jpg,/ST4703.jpg
ST4704,/ST4704.jpg,/ST4704.jpg,/ST4704.jpg
ST4752,/ST4752.jpg,/ST4752.jpg,/ST4752.jpg
ST4709,/ST4709.jpg,/ST4709.jpg,/ST4709.jpg
ST4702,/ST4702.jpg,/ST4702.jpg,/ST4702.jpg
ST4705,/ST4705.jpg,/ST4705.jpg,/ST4705.jpg
ST4706,/ST4706.jpg,/ST4706.jpg,/ST4706.jpg
ST4714,/ST4714.jpg,/ST4714.jpg,/ST4714.jpg
ST4711,/ST4711.jpg,/ST4711.jpg,/ST4711.jpg
ST4713,/ST4713.jpg,/ST4713.jpg,/ST4713.jpg
ST4718,/ST4718.jpg,/ST4718.jpg,/ST4718.jpg
ST4716,/ST4716.jpg,/ST4716.jpg,/ST4716.jpg
ST4715,/ST4715.jpg,/ST4715.jpg,/ST4715.jpg
ST4719,/ST4719.jpg,/ST4719.jpg,/ST4719.jpg
ST4723,/ST4723.jpg,/ST4723.jpg,/ST4723.jpg
ST4730,/ST4730.jpg,/ST4730.jpg,/ST4730.jpg
ST4701,/ST4701.jpg,/ST4701.jpg,/ST4701.jpg
ST4748,/ST4748.jpg,/ST4748.jpg,/ST4748.jpg
ST4708,/ST4708.jpg,/ST4708.jpg,/ST4708.jpg
ST4731,/ST4731.jpg,/ST4731.jpg,/ST4731.jpg
ST4749,/ST4749.jpg,/ST4749.jpg,/ST4749.jpg
ST4750,/ST4750.jpg,/ST4750.jpg,/ST4750.jpg
ST4751,/ST4751.jpg,/ST4751.jpg,/ST4751.jpg
ST4758,/ST4758.jpg,/ST4758.jpg,/ST4758.jpg
ST4757,/ST4757.jpg,/ST4757.jpg,/ST4757.jpg
ST4725,/ST4725.jpg,/ST4725.jpg,/ST4725.jpg
ST4759,/ST4759.jpg,/ST4759.jpg,/ST4759.jpg
ST4742,/ST4742.jpg,/ST4742.jpg,/ST4742.jpg
ST4744,/ST4744.jpg,/ST4744.jpg,/ST4744.jpg
ST4741,/ST4741.jpg,/ST4741.jpg,/ST4741.jpg
ST4743,/ST4743.jpg,/ST4743.jpg,/ST4743.jpg
ST4745,/ST4745.jpg,/ST4745.jpg,/ST4745.jpg
ST4747,/ST4747.jpg,/ST4747.jpg,/ST4747.jpg
ST4740,/ST4740.jpg,/ST4740.jpg,/ST4740.jpg
ST4746,/ST4746.jpg,/ST4746.jpg,/ST4746.jpg
ST4764,/ST4764.jpg,/ST4764.jpg,/ST4764.jpg
ST4765,/ST4765.jpg,/ST4765.jpg,/ST4765.jpg
ST4761,/ST4761.jpg,/ST4761.jpg,/ST4761.jpg
ST4763,/ST4763.jpg,/ST4763.jpg,/ST4763.jpg
ST4767,/ST4767.jpg,/ST4767.jpg,/ST4767.jpg
ST4769,/ST4769.jpg,/ST4769.jpg,/ST4769.jpg
ST4768,/ST4768.jpg,/ST4768.jpg,/ST4768.jpg
